<?xml version="1.0" encoding="UTF-8"?>
<project-private xmlns="http://www.netbeans.org/ns/project-private/1">
    <data xmlns="http://www.netbeans.org/ns/make-project-private/1">
        <activeConfTypeElem>1</activeConfTypeElem>
        <activeConfIndexElem>0</activeConfIndexElem>
    </data>
    <editor-bookmarks xmlns="http://www.netbeans.org/ns/editor-bookmarks/2" lastBookmarkId="0"/>
    <open-files xmlns="http://www.netbeans.org/ns/projectui-open-files/2">
        <group>
            <file>file:/C:/Users/joshu/Desktop/MolinaJoshua_CSC5_40108/Homework/Assignment_1/Full%20Files/Molina,%20Joshua_Gaddis_8th_Chap2_Prob_4/Gaddis_8th_Chap2_Prob3.cpp</file>
        </group>
    </open-files>
</project-private>
